,hdd_ssd,rpm0/read1,cache0/write1,PRICE
0,0,5400.0,256000.0,10946.0
1,0,5400.0,256000.0,13965.0
2,0,5400.0,64000.0,8550.0
3,0,5400.0,256000.0,7558.0
4,0,5400.0,256000.0,25273.0
5,0,5400.0,256000.0,10599.0
6,0,7200.0,64000.0,5551.0
7,0,7200.0,32000.0,3938.0
8,0,5400.0,256000.0,6356.0
9,0,7200.0,256000.0,6497.0
10,0,7200.0,128000.0,18945.0
11,0,5400.0,256000.0,9363.0
12,0,5400.0,64000.0,15912.0
13,0,5900.0,64000.0,12078.0
14,0,5400.0,256000.0,22380.0
15,0,7200.0,64000.0,5253.0
16,0,5400.0,64000.0,11480.0
17,0,5400.0,64000.0,11435.0
18,0,5400.0,256000.0,7150.0
19,0,5400.0,64000.0,7348.0
20,0,7200.0,64000.0,7141.0
21,0,7200.0,64000.0,4329.0
22,0,5400.0,256000.0,5855.0
23,0,7200.0,256000.0,24058.0
24,0,5400.0,64000.0,7186.0
25,0,5400.0,256000.0,35580.0
26,0,7200.0,256000.0,58980.0
27,0,5400.0,256000.0,44779.0
28,0,5400.0,64000.0,8954.0
29,0,7200.0,32000.0,4036.0
30,0,7200.0,32000.0,4639.0
31,0,7200.0,256000.0,26508.0
32,0,7200.0,256000.0,22880.0
33,0,5400.0,64000.0,7867.0
34,0,7200.0,256000.0,24728.0
35,0,5400.0,64000.0,5777.0
36,0,5900.0,64000.0,8930.0
37,0,5400.0,64000.0,18977.0
38,0,7200.0,256000.0,49879.0
39,0,7200.0,64000.0,7933.0
40,0,5900.0,64000.0,10303.0
41,0,7200.0,16000.0,2176.0
42,0,7200.0,256000.0,18888.0
43,0,7200.0,256000.0,21500.0
44,0,7200.0,256000.0,55480.0
45,0,5400.0,512000.0,62600.0
46,0,7200.0,8000.0,2800.0
47,0,7200.0,16000.0,4277.0
48,0,5400.0,64000.0,5250.0
49,0,7200.0,256000.0,39930.0
50,0,7200.0,256000.0,28200.0
51,0,5900.0,64000.0,6813.0
52,0,7200.0,128000.0,13750.0
53,0,7200.0,256000.0,33006.0
54,0,7200.0,16000.0,3264.0
55,0,7200.0,128000.0,9880.0
56,0,7200.0,256000.0,21610.0
57,0,7200.0,32000.0,4799.0
58,0,7200.0,2000.0,5980.0
59,0,7200.0,128000.0,15239.0
60,0,7200.0,512000.0,66578.0
61,0,7200.0,64000.0,10208.0
62,0,5400.0,64000.0,23980.0
63,0,7200.0,256000.0,38055.0
64,0,7200.0,256000.0,54000.0
65,0,7200.0,256000.0,21349.0
66,0,7200.0,256000.0,22880.0
67,0,7200.0,256000.0,31801.0
68,0,7200.0,256000.0,50780.0
69,0,7200.0,512000.0,70706.0
70,0,7200.0,2000.0,3950.0
71,0,5400.0,64000.0,9900.0
72,0,7200.0,64000.0,14938.0
73,0,7200.0,128000.0,19980.0
74,0,7200.0,256000.0,20600.0
75,0,7200.0,256000.0,29778.0
76,0,7200.0,256000.0,49000.0
77,0,7200.0,256000.0,33580.0
78,0,7200.0,256000.0,41200.0
79,0,7200.0,64000.0,14441.0
80,0,7200.0,256000.0,29480.0
81,0,7200.0,256000.0,34800.0
82,0,7200.0,256000.0,38045.0
83,0,7200.0,256000.0,49700.0
84,0,7200.0,256000.0,53000.0
85,0,7200.0,256000.0,59675.0
86,0,7200.0,256000.0,63574.0
87,0,7200.0,256000.0,69739.0
88,0,7200.0,64000.0,4846.0
89,0,5400.0,64000.0,5929.0
90,0,7200.0,128000.0,10361.0
91,0,7200.0,128000.0,13033.0
92,0,7200.0,256000.0,40499.0
93,0,7200.0,256000.0,45244.0
94,0,7200.0,512000.0,72800.0
95,0,7200.0,64000.0,8860.0
96,0,5700.0,32000.0,8900.0
97,0,7200.0,64000.0,9008.0
98,0,5900.0,64000.0,9494.0
99,0,7200.0,128000.0,9628.0
100,0,7200.0,128000.0,13420.0
101,0,7200.0,128000.0,23100.0
102,0,7200.0,128000.0,32565.0
103,0,7200.0,256000.0,34580.0
104,0,7200.0,256000.0,42569.0
105,0,7200.0,256000.0,47495.0
106,0,7200.0,256000.0,48900.0
107,0,7200.0,16000.0,4154.0
108,0,5700.0,32000.0,6480.0
109,0,5400.0,64000.0,7185.0
110,0,7200.0,32000.0,7319.0
111,0,7200.0,32000.0,7417.0
112,0,5940.0,32000.0,9980.0
113,0,7200.0,64000.0,10181.0
114,0,5400.0,64000.0,18655.0
115,0,7200.0,128000.0,19600.0
116,0,7200.0,128000.0,23759.0
117,0,7200.0,256000.0,31479.0
118,0,7200.0,256000.0,32978.0
119,0,7200.0,256000.0,34429.0
120,0,7200.0,256000.0,48920.0
121,0,7200.0,256000.0,50738.0
122,0,7200.0,512000.0,55787.0
123,0,7200.0,64000.0,59160.0
124,0,7200.0,64000.0,4648.0
125,0,5900.0,64000.0,5736.0
126,0,5700.0,32000.0,5800.0
127,0,7200.0,32000.0,6322.0
128,0,7200.0,32000.0,6390.0
129,0,5400.0,64000.0,6600.0
130,0,7200.0,32000.0,6658.0
131,0,7200.0,64000.0,7952.0
132,0,5400.0,64000.0,8030.0
133,0,7200.0,64000.0,9200.0
134,0,7200.0,64000.0,10463.0
135,0,7200.0,64000.0,11070.0
136,0,5900.0,64000.0,11280.0
137,0,5400.0,64000.0,11880.0
138,0,7200.0,64000.0,12158.0
139,0,7200.0,128000.0,12480.0
140,0,5400.0,64000.0,16141.0
141,0,7200.0,128000.0,16980.0
142,0,7200.0,64000.0,17930.0
143,0,7200.0,128000.0,18329.0
144,0,7200.0,64000.0,21340.0
145,0,7200.0,256000.0,23100.0
146,0,7200.0,128000.0,24980.0
147,0,7200.0,128000.0,25270.0
148,0,7200.0,256000.0,29400.0
149,0,7200.0,256000.0,31549.0
150,0,7200.0,64000.0,31790.0
151,0,7200.0,64000.0,33440.0
152,0,5400.0,64000.0,33440.0
153,0,7200.0,256000.0,33456.0
154,0,7200.0,256000.0,34800.0
155,0,7200.0,256000.0,36710.0
156,0,7200.0,256000.0,44470.0
157,0,7200.0,256000.0,49500.0
158,0,7200.0,256000.0,50599.0
159,0,5400.0,64000.0,55440.0
160,0,7200.0,256000.0,56700.0
161,0,7200.0,256000.0,61137.0
162,0,7200.0,256000.0,85310.0
163,0,5400.0,128000.0,5280.0
164,0,5400.0,8000.0,4674.0
165,0,5400.0,128000.0,9793.0
166,0,5400.0,128000.0,8280.0
167,0,5400.0,8000.0,15645.0
168,0,5400.0,8000.0,3442.0
169,0,5400.0,128000.0,4818.0
170,0,7200.0,128000.0,6780.0
171,0,5400.0,128000.0,13800.0
172,0,5400.0,16000.0,4180.0
173,0,5400.0,128000.0,8690.0
174,0,5400.0,16000.0,3200.0
175,0,5400.0,8000.0,4665.0
176,0,5400.0,128000.0,7394.0
177,0,5400.0,128000.0,7280.0
178,0,5400.0,8000.0,2472.0
179,0,5400.0,8000.0,3461.0
180,0,5400.0,16000.0,2176.0
181,0,5400.0,8000.0,3461.0
182,0,5400.0,8000.0,3740.0
183,0,5400.0,8000.0,4578.0
184,0,7200.0,16000.0,3022.0
185,0,5400.0,8000.0,3560.0
186,0,5400.0,16000.0,4450.0
187,0,5400.0,8000.0,4450.0
188,0,5400.0,128000.0,4650.0
189,0,7200.0,16000.0,4665.0
190,0,5400.0,128000.0,6039.0
191,0,5400.0,8000.0,6050.0
192,0,5400.0,8000.0,6950.0
193,0,5400.0,8000.0,7780.0
194,0,5400.0,128000.0,17770.0
195,0,5400.0,8000.0,2275.0
196,0,5400.0,8000.0,2900.0
197,0,5400.0,8000.0,3392.0
198,0,5400.0,8000.0,3758.0
199,0,5400.0,8000.0,3980.0
200,0,5400.0,8000.0,4279.0
201,0,5400.0,128000.0,5680.0
202,0,7200.0,128000.0,5787.0
203,0,7200.0,32000.0,6784.0
204,0,5400.0,8000.0,11206.0
205,0,5400.0,64000.0,14980.0
206,0,7200.0,128000.0,23282.0
207,0,5400.0,8000.0,3101.0
208,0,5400.0,8000.0,3165.0
209,0,5400.0,8000.0,3165.0
210,0,5400.0,8000.0,3392.0
211,0,5400.0,16000.0,3461.0
212,0,5400.0,8000.0,3758.0
213,0,5400.0,8000.0,4112.0
214,0,5400.0,16000.0,5390.0
215,0,5400.0,8000.0,5538.0
216,0,5400.0,8000.0,5866.0
217,0,5400.0,8000.0,6013.0
218,0,5400.0,8000.0,6480.0
219,0,5400.0,8000.0,6740.0
220,0,7200.0,32000.0,7080.0
221,0,7200.0,32000.0,7280.0
222,0,5400.0,8000.0,9936.0
223,0,5400.0,8000.0,12210.0
224,0,5400.0,16000.0,13046.0
225,0,5400.0,8000.0,15180.0
226,0,5400.0,8000.0,15580.0
227,0,7200.0,128000.0,40736.0
228,0,7200.0,128000.0,42648.0
229,0,10025.0,16000.0,8650.0
230,0,15000.0,16000.0,13980.0
231,0,10025.0,16000.0,1480.0
232,0,7200.0,16000.0,8900.0
233,0,15000.0,16000.0,3040.0
234,0,10025.0,16000.0,8896.0
235,0,7200.0,32000.0,19799.0
236,0,7200.0,128000.0,24397.0
237,0,7200.0,128000.0,24861.0
238,0,7200.0,256000.0,37839.0
239,0,7200.0,256000.0,43779.0
240,0,7200.0,256000.0,52799.0
241,0,7200.0,128000.0,56780.0
242,0,7200.0,256000.0,58629.0
243,0,7200.0,256000.0,65779.0
244,0,7200.0,256000.0,68969.0
245,1,550.0,510.0,5258.0
246,1,2000.0,1700.0,12628.0
247,1,560.0,510.0,6979.0
248,1,560.0,510.0,13472.0
249,1,550.0,520.0,7124.0
250,1,540.0,500.0,3434.0
251,1,560.0,530.0,12250.0
252,1,550.0,520.0,11450.0
253,1,3400.0,3000.0,14500.0
254,1,1700.0,1450.0,7590.0
255,1,5000.0,4400.0,21970.0
256,1,560.0,525.0,8998.0
257,1,560.0,530.0,6889.0
258,1,1800.0,1800.0,11980.0
259,1,560.0,530.0,12893.0
260,1,500.0,400.0,1949.0
261,1,520.0,450.0,4999.0
262,1,560.0,510.0,6094.0
263,1,560.0,515.0,5368.0
264,1,555.0,515.0,7530.0
265,1,2100.0,1600.0,12480.0
266,1,1800.0,1800.0,22739.0
267,1,560.0,540.0,13280.0
268,1,350.0,300.0,6680.0
269,1,3470.0,2600.0,12913.0
270,1,520.0,450.0,3278.0
271,1,560.0,530.0,7040.0
272,1,560.0,530.0,24800.0
273,1,560.0,530.0,24860.0
274,1,560.0,530.0,12272.0
275,1,560.0,530.0,6990.0
276,1,1900.0,950.0,8280.0
277,1,5000.0,4400.0,19800.0
278,1,556.0,519.0,4980.0
279,1,300.0,200.0,7749.0
280,1,520.0,450.0,9111.0
281,1,535.0,450.0,11000.0
282,1,530.0,440.0,3520.0
283,1,3200.0,2000.0,7568.0
284,1,520.0,450.0,3168.0
285,1,3500.0,3200.0,14037.0
286,1,550.0,525.0,4900.0
287,1,560.0,540.0,7113.0
288,1,5000.0,2500.0,12527.0
289,1,550.0,510.0,11000.0
290,1,3500.0,2350.0,8360.0
291,1,3470.0,3000.0,22800.0
292,1,560.0,510.0,27500.0
293,1,540.0,500.0,2400.0
294,1,3480.0,3000.0,17570.0
295,1,550.0,500.0,10480.0
296,1,1624.0,1473.0,5680.0
297,1,3470.0,3000.0,24380.0
298,1,550.0,510.0,3850.0
299,1,530.0,440.0,3515.0
300,1,560.0,530.0,6980.0
301,1,3470.0,2600.0,12880.0
302,1,560.0,530.0,55980.0
303,1,3100.0,1600.0,7260.0
304,1,3480.0,2000.0,9980.0
305,1,520.0,320.0,2200.0
306,1,560.0,530.0,26980.0
307,1,3500.0,3000.0,29348.0
308,1,3230.0,1625.0,11980.0
309,1,550.0,520.0,7491.0
310,1,3400.0,2900.0,46689.0
311,1,560.0,520.0,6468.0
312,1,550.0,520.0,12074.0
313,1,5000.0,2500.0,15178.0
314,1,1700.0,1300.0,5680.0
315,1,530.0,500.0,6198.0
316,1,520.0,450.0,3267.0
317,1,3500.0,3300.0,27989.0
318,1,440.0,430.0,7480.0
319,1,550.0,500.0,6180.0
320,1,550.0,500.0,21888.0
321,1,535.0,445.0,6041.0
322,1,560.0,530.0,6913.0
323,1,560.0,480.0,5979.0
324,1,520.0,450.0,3564.0
325,1,2000.0,1600.0,7780.0
326,1,3500.0,2100.0,9480.0
327,1,560.0,500.0,4380.0
328,1,530.0,310.0,2506.0
329,1,3500.0,1200.0,5038.0
330,1,535.0,445.0,6050.0
331,1,540.0,500.0,6270.0
332,1,560.0,520.0,7680.0
333,1,4950.0,4250.0,24800.0
334,1,540.0,540.0,9990.0
335,1,3500.0,3000.0,16313.0
336,1,450.0,380.0,19399.0
337,1,340.0,320.0,6280.0
338,1,560.0,530.0,57978.0
339,1,550.0,525.0,4818.0
340,1,560.0,530.0,9280.0
341,1,560.0,500.0,9480.0
342,1,3500.0,2800.0,14980.0
343,1,550.0,500.0,2970.0
344,1,556.0,515.0,3278.0
345,1,3210.0,1315.0,7700.0
346,1,340.0,320.0,10980.0
347,1,560.0,500.0,2980.0
348,1,1500.0,1000.0,7183.0
349,1,1500.0,1000.0,7280.0
350,1,3500.0,2400.0,8980.0
351,1,550.0,520.0,3980.0
352,1,530.0,450.0,4223.0
353,1,340.0,320.0,5913.0
354,1,560.0,510.0,6928.0
355,1,550.0,510.0,3182.0
356,1,550.0,450.0,3992.0
357,1,2100.0,1200.0,5580.0
358,1,2000.0,1700.0,12800.0
359,1,520.0,500.0,5240.0
360,1,520.0,450.0,5297.0
361,1,2000.0,1200.0,4180.0
362,1,560.0,540.0,30980.0
363,1,550.0,525.0,4910.0
364,1,540.0,500.0,5790.0
365,1,560.0,510.0,6180.0
366,1,550.0,520.0,6350.0
367,1,520.0,450.0,10164.0
368,1,550.0,520.0,18312.0
369,1,530.0,500.0,6980.0
370,1,520.0,450.0,9658.0
371,1,560.0,540.0,26980.0
372,1,550.0,420.0,2525.0
373,1,530.0,400.0,2780.0
374,1,1500.0,1300.0,6600.0
375,1,560.0,450.0,9878.0
376,1,560.0,520.0,14480.0
377,1,520.0,320.0,3550.0
378,1,520.0,450.0,9900.0
379,1,560.0,510.0,13480.0
380,1,5000.0,4400.0,52580.0
381,1,300.0,50.0,2911.0
382,1,520.0,500.0,3140.0
383,1,500.0,480.0,4020.0
384,1,1700.0,1500.0,4580.0
385,1,3500.0,2300.0,9146.0
386,1,340.0,300.0,11480.0
387,1,3400.0,2500.0,12480.0
388,1,540.0,500.0,2310.0
389,1,560.0,500.0,4780.0
390,1,560.0,510.0,4889.0
391,1,560.0,530.0,10300.0
392,1,560.0,530.0,12979.0
393,1,560.0,530.0,70400.0
394,1,560.0,500.0,2933.0
395,1,540.0,500.0,3573.0
396,1,4950.0,2500.0,15980.0
397,1,950.0,900.0,20150.0
398,1,4950.0,4250.0,47980.0
399,1,3400.0,1500.0,6980.0
400,1,500.0,430.0,8235.0
401,1,560.0,510.0,8280.0
402,1,520.0,500.0,8780.0
403,1,1500.0,1000.0,4178.0
404,1,550.0,525.0,5149.0
405,1,560.0,540.0,7100.0
406,1,1700.0,1500.0,7680.0
407,1,560.0,530.0,18400.0
408,1,530.0,310.0,2530.0
409,1,530.0,450.0,3780.0
410,1,550.0,520.0,3934.0
411,1,560.0,510.0,12790.0
412,1,560.0,530.0,18120.0
413,1,1700.0,1500.0,3380.0
414,1,520.0,500.0,5430.0
415,1,540.0,500.0,6580.0
416,1,560.0,530.0,7680.0
417,1,3400.0,2000.0,8980.0
418,1,560.0,530.0,18313.0
419,1,500.0,350.0,3580.0
420,1,3400.0,2000.0,8249.0
421,1,500.0,430.0,13337.0
422,1,540.0,540.0,23358.0
423,1,1000.0,1000.0,24524.0
424,1,3400.0,2800.0,24800.0
425,1,550.0,520.0,30534.0
426,1,3400.0,2900.0,49800.0
427,1,421.6,370.0,2979.0
428,1,340.0,320.0,4021.0
429,1,560.0,500.0,5280.0
430,1,3100.0,1050.0,5880.0
431,1,3000.0,1000.0,6798.0
432,1,1350.0,290.0,12651.0
433,1,3400.0,2000.0,13050.0
434,1,560.0,530.0,27800.0
435,1,560.0,530.0,59980.0
436,1,550.0,500.0,2728.0
437,1,421.6,370.0,3163.0
438,1,560.0,510.0,5541.0
439,1,350.0,300.0,7300.0
440,1,440.0,430.0,8845.0
441,1,560.0,520.0,9690.0
442,1,540.0,500.0,11980.0
443,1,3400.0,3000.0,15980.0
444,1,530.0,510.0,32049.0
445,1,5000.0,4400.0,51480.0
446,1,520.0,450.0,2780.0
447,1,530.0,450.0,3263.0
448,1,530.0,490.0,3608.0
449,1,550.0,440.0,4614.0
450,1,3090.0,1035.0,5280.0
451,1,550.0,525.0,5380.0
452,1,520.0,450.0,5608.0
453,1,550.0,400.0,5780.0
454,1,560.0,530.0,8880.0
455,1,3480.0,2000.0,14237.0
456,1,3480.0,2700.0,35980.0
457,1,560.0,530.0,37180.0
458,1,550.0,525.0,5619.0
459,1,440.0,430.0,6908.0
460,1,560.0,320.0,11480.0
461,1,560.0,530.0,14480.0
462,1,3200.0,2100.0,22000.0
463,1,560.0,525.0,22879.0
464,1,560.0,530.0,36798.0
465,1,550.0,520.0,39990.0
466,1,3500.0,3300.0,60907.0
467,1,230.0,40.0,2819.0
468,1,560.0,400.0,3108.0
469,1,421.6,370.0,4200.0
470,1,440.0,430.0,4680.0
471,1,1730.0,1000.0,4730.0
472,1,3000.0,1000.0,4950.0
473,1,410.0,400.0,5094.0
474,1,550.0,525.0,5155.0
475,1,500.0,450.0,5760.0
476,1,3500.0,1200.0,5980.0
477,1,560.0,530.0,13979.0
478,1,3400.0,3000.0,15979.0
479,1,560.0,510.0,26940.0
480,1,530.0,460.0,29312.0
481,1,560.0,530.0,36646.0
482,1,550.0,520.0,66183.0
483,1,530.0,400.0,2015.0
484,1,410.0,400.0,3208.0
485,1,3500.0,1100.0,5480.0
486,1,530.0,500.0,5599.0
487,1,1730.0,1560.0,7920.0
488,1,550.0,520.0,10000.0
489,1,110.0,95.0,10230.0
490,1,550.0,500.0,11800.0
491,1,1450.0,640.0,13640.0
492,1,560.0,530.0,15377.0
493,1,550.0,520.0,21186.0
494,1,500.0,430.0,21780.0
495,1,3230.0,1625.0,24224.0
496,1,530.0,460.0,24552.0
497,1,550.0,500.0,24900.0
498,1,2600.0,2200.0,157600.0
499,1,500.0,300.0,1993.0
500,1,550.0,450.0,1999.0
501,1,550.0,500.0,2780.0
502,1,421.6,370.0,2979.0
503,1,450.0,80.0,3980.0
504,1,520.0,450.0,4011.0
505,1,421.6,370.0,4569.0
506,1,550.0,480.0,5459.0
507,1,3000.0,1000.0,5480.0
508,1,3400.0,1100.0,7041.0
509,1,550.0,490.0,7700.0
510,1,530.0,500.0,9350.0
511,1,560.0,530.0,26980.0
512,1,540.0,540.0,49800.0
513,1,300.0,50.0,3002.0
514,1,440.0,430.0,3280.0
515,1,300.0,200.0,4380.0
516,1,560.0,540.0,4880.0
517,1,560.0,510.0,4938.0
518,1,530.0,450.0,5480.0
519,1,525.0,465.0,5680.0
520,1,1500.0,800.0,5749.0
521,1,900.0,145.0,6080.0
522,1,550.0,170.0,6980.0
523,1,530.0,500.0,6980.0
524,1,560.0,520.0,8510.0
525,1,410.0,400.0,9087.0
526,1,530.0,490.0,10034.0
527,1,560.0,530.0,11183.0
528,1,530.0,460.0,16271.0
529,1,3200.0,2000.0,16891.0
530,1,560.0,460.0,20148.0
531,1,560.0,520.0,27980.0
532,1,570.0,470.0,33171.0
533,1,3400.0,2900.0,49800.0
534,1,500.0,320.0,2821.0
535,1,560.0,530.0,3065.0
536,1,560.0,510.0,3290.0
537,1,530.0,450.0,3898.0
538,1,340.0,320.0,4021.0
539,1,421.6,370.0,4580.0
540,1,1520.0,460.0,4875.0
541,1,550.0,525.0,4980.0
542,1,1500.0,1000.0,5207.0
543,1,560.0,480.0,5780.0
544,1,119.0,36.0,6393.0
545,1,550.0,520.0,6600.0
546,1,370.0,200.0,6979.0
547,1,421.6,370.0,7880.0
548,1,555.0,510.0,8036.0
549,1,410.0,400.0,9089.0
550,1,3400.0,2000.0,9328.0
551,1,530.0,460.0,12850.0
552,1,340.0,300.0,13479.0
553,1,3420.0,2015.0,13750.0
554,1,440.0,430.0,14319.0
555,1,440.0,430.0,15395.0
556,1,560.0,490.0,15510.0
557,1,1000.0,900.0,15558.0
558,1,3470.0,2750.0,18370.0
559,1,3400.0,2500.0,18513.0
560,1,3500.0,3000.0,37980.0
561,1,3230.0,1625.0,44795.0
562,1,2600.0,2200.0,75328.0
563,1,560.0,510.0,91690.0
564,1,15000.0,15000.0,216444.0
565,1,560.0,480.0,1990.0
566,1,550.0,400.0,2980.0
567,1,300.0,50.0,3002.0
568,1,550.0,480.0,3259.0
569,1,520.0,320.0,3470.0
570,1,300.0,200.0,4416.0
571,1,550.0,500.0,4699.0
572,1,550.0,480.0,4810.0
573,1,550.0,500.0,5480.0
574,1,110.0,95.0,5940.0
575,1,560.0,520.0,6110.0
576,1,440.0,430.0,6358.0
577,1,1627.0,1262.0,6578.0
578,1,530.0,450.0,6600.0
579,1,550.0,530.0,6980.0
580,1,560.0,500.0,7680.0
581,1,560.0,530.0,7800.0
582,1,520.0,450.0,8002.0
583,1,450.0,440.0,8646.0
584,1,112.0,90.0,8800.0
585,1,540.0,540.0,9625.0
586,1,550.0,400.0,9632.0
587,1,520.0,460.0,9980.0
588,1,3420.0,2015.0,10010.0
589,1,430.0,410.0,11696.0
590,1,1800.0,1200.0,11798.0
591,1,560.0,280.0,11989.0
592,1,340.0,300.0,13479.0
593,1,520.0,460.0,16800.0
594,1,550.0,520.0,17198.0
595,1,520.0,500.0,17560.0
596,1,450.0,440.0,21985.0
597,1,560.0,510.0,26970.0
598,1,560.0,510.0,27659.0
599,1,3430.0,3230.0,27715.0
600,1,3000.0,2400.0,29409.0
601,1,560.0,530.0,29466.0
602,1,5000.0,4400.0,29800.0
603,1,550.0,470.0,38280.0
604,1,560.0,460.0,40980.0
605,1,2500.0,2000.0,71599.0
606,1,2600.0,2200.0,77936.0
607,1,2800.0,2300.0,152918.0
608,1,80.0,50.0,156744.0
609,1,754.0,635.0,1078000.0
610,1,560.0,410.0,2256.0
611,1,510.0,400.0,2480.0
612,1,400.0,300.0,3180.0
613,1,500.0,410.0,3339.0
614,1,410.0,400.0,3480.0
615,1,530.0,490.0,3535.0
616,1,560.0,520.0,3580.0
617,1,560.0,500.0,3780.0
618,1,510.0,400.0,3980.0
619,1,550.0,400.0,4020.0
620,1,560.0,300.0,4050.0
621,1,560.0,310.0,4138.0
622,1,520.0,320.0,4231.0
623,1,350.0,350.0,4280.0
624,1,421.6,370.0,4318.0
625,1,550.0,530.0,4352.0
626,1,340.0,320.0,4418.0
627,1,530.0,450.0,4488.0
628,1,520.0,460.0,4980.0
629,1,530.0,400.0,4980.0
630,1,550.0,510.0,5075.0
631,1,550.0,520.0,6511.0
632,1,520.0,460.0,6850.0
633,1,560.0,520.0,7020.0
634,1,110.0,95.0,7480.0
635,1,533.0,476.0,7570.0
636,1,430.0,400.0,7678.0
637,1,430.0,400.0,7678.0
638,1,530.0,490.0,7900.0
639,1,550.0,500.0,8118.0
640,1,400.0,320.0,8793.0
641,1,540.0,520.0,8998.0
642,1,410.0,400.0,9089.0
643,1,3100.0,1050.0,9142.0
644,1,550.0,520.0,9368.0
645,1,3090.0,1035.0,9900.0
646,1,550.0,510.0,9980.0
647,1,115.0,64.0,10644.0
648,1,560.0,160.0,10794.0
649,1,500.0,450.0,10800.0
650,1,1600.0,1040.0,11402.0
651,1,540.0,500.0,11550.0
652,1,560.0,460.0,11970.0
653,1,570.0,550.0,12455.0
654,1,440.0,430.0,12800.0
655,1,300.0,200.0,12800.0
656,1,1050.0,950.0,13480.0
657,1,1700.0,1500.0,13800.0
658,1,550.0,490.0,14410.0
659,1,3430.0,2230.0,14493.0
660,1,550.0,500.0,15317.0
661,1,400.0,320.0,15442.0
662,1,550.0,520.0,18312.0
663,1,540.0,530.0,19403.0
664,1,520.0,460.0,19480.0
665,1,1600.0,1080.0,21255.0
666,1,570.0,460.0,24800.0
667,1,1450.0,640.0,25410.0
668,1,3200.0,2100.0,29517.0
669,1,950.0,950.0,29808.0
670,1,3480.0,3080.0,30927.0
671,1,3200.0,1900.0,32500.0
672,1,3400.0,2800.0,32791.0
673,1,530.0,500.0,35800.0
674,1,500.0,450.0,39702.0
675,1,550.0,520.0,40830.0
676,1,2500.0,2000.0,46749.0
677,1,560.0,510.0,49500.0
678,1,5000.0,4400.0,59800.0
679,1,3500.0,2100.0,88198.0
680,1,560.0,510.0,2390.0
681,1,560.0,460.0,2780.0
682,1,560.0,460.0,3272.0
683,1,400.0,390.0,3276.0
684,1,340.0,320.0,3380.0
685,1,560.0,440.0,3480.0
686,1,410.0,400.0,3507.0
687,1,560.0,460.0,3546.0
688,1,550.0,350.0,3758.0
689,1,350.0,350.0,3780.0
690,1,560.0,400.0,4306.0
691,1,550.0,500.0,4470.0
692,1,560.0,160.0,4481.0
693,1,550.0,490.0,4510.0
694,1,546.0,182.0,4549.0
695,1,550.0,500.0,4780.0
696,1,520.0,500.0,4793.0
697,1,550.0,440.0,4960.0
698,1,560.0,520.0,4980.0
699,1,530.0,460.0,5080.0
700,1,520.0,500.0,5120.0
701,1,270.0,95.0,5350.0
702,1,350.0,60.0,5370.0
703,1,1640.0,650.0,5380.0
704,1,560.0,310.0,5447.0
705,1,520.0,500.0,5477.0
706,1,525.0,500.0,5863.0
707,1,560.0,460.0,5880.0
708,1,560.0,500.0,5940.0
709,1,400.0,320.0,5972.0
710,1,560.0,510.0,5990.0
711,1,530.0,450.0,6135.0
712,1,570.0,470.0,6202.0
713,1,560.0,460.0,6396.0
714,1,550.0,520.0,6430.0
715,1,1800.0,900.0,6440.0
716,1,560.0,300.0,6525.0
717,1,550.0,500.0,6780.0
718,1,520.0,460.0,6850.0
719,1,1570.0,540.0,7038.0
720,1,110.0,72.0,7150.0
721,1,3000.0,1000.0,7417.0
722,1,560.0,310.0,7582.0
723,1,400.0,390.0,7967.0
724,1,380.0,340.0,7998.0
725,1,560.0,500.0,8008.0
726,1,550.0,500.0,8127.0
727,1,350.0,350.0,8580.0
728,1,530.0,450.0,8613.0
729,1,430.0,400.0,8770.0
730,1,550.0,440.0,8800.0
731,1,421.6,370.0,8880.0
732,1,570.0,310.0,8980.0
733,1,800.0,700.0,9183.0
734,1,550.0,480.0,9280.0
735,1,560.0,520.0,9360.0
736,1,1000.0,900.0,9833.0
737,1,415.0,365.0,9900.0
738,1,410.0,380.0,9980.0
739,1,520.0,460.0,9980.0
740,1,3000.0,1000.0,10078.0
741,1,540.0,540.0,10192.0
742,1,545.0,330.0,10363.0
743,1,560.0,490.0,10480.0
744,1,560.0,500.0,10574.0
745,1,560.0,510.0,10900.0
746,1,550.0,500.0,11000.0
747,1,550.0,525.0,11616.0
748,1,430.0,410.0,11696.0
749,1,370.0,200.0,11732.0
750,1,535.0,450.0,11999.0
751,1,3400.0,2000.0,12480.0
752,1,560.0,510.0,12903.0
753,1,560.0,310.0,12980.0
754,1,550.0,480.0,13280.0
755,1,570.0,460.0,13500.0
756,1,570.0,460.0,13500.0
757,1,450.0,440.0,13765.0
758,1,550.0,530.0,14180.0
759,1,560.0,500.0,14707.0
760,1,570.0,460.0,14980.0
761,1,560.0,320.0,16280.0
762,1,560.0,510.0,16310.0
763,1,500.0,480.0,16420.0
764,1,112.0,90.0,16500.0
765,1,560.0,520.0,17110.0
766,1,410.0,400.0,17169.0
767,1,110.0,95.0,17270.0
768,1,410.0,400.0,17518.0
769,1,1000.0,900.0,17849.0
770,1,3200.0,1800.0,18600.0
771,1,530.0,510.0,18660.0
772,1,560.0,310.0,19131.0
773,1,360.0,360.0,19500.0
774,1,540.0,540.0,19500.0
775,1,540.0,540.0,19500.0
776,1,500.0,450.0,20980.0
777,1,560.0,510.0,21009.0
778,1,430.0,420.0,21640.0
779,1,430.0,420.0,21640.0
780,1,3470.0,2750.0,21670.0
781,1,1050.0,950.0,21980.0
782,1,1400.0,750.0,22270.0
783,1,440.0,430.0,22780.0
784,1,950.0,800.0,22800.0
785,1,570.0,470.0,23117.0
786,1,1800.0,1200.0,23860.0
787,1,570.0,460.0,24800.0
788,1,560.0,460.0,24800.0
789,1,560.0,520.0,30250.0
790,1,550.0,500.0,35090.0
791,1,2450.0,1000.0,37731.0
792,1,520.0,450.0,40788.0
793,1,500.0,500.0,41060.0
794,1,560.0,500.0,45078.0
795,1,570.0,460.0,45980.0
796,1,570.0,460.0,45980.0
797,1,1500.0,1000.0,46590.0
798,1,560.0,510.0,67178.0
799,1,1500.0,1000.0,74480.0
800,1,2800.0,2300.0,76349.0
801,1,550.0,520.0,81989.0
802,1,570.0,450.0,105510.0
803,1,140.0,18.0,140054.0
804,1,560.0,310.0,2590.0
805,1,500.0,450.0,3035.0
806,1,421.6,370.0,3380.0
807,1,560.0,440.0,3459.0
808,1,350.0,350.0,3780.0
809,1,550.0,440.0,3795.0
810,1,555.0,540.0,3980.0
811,1,400.0,90.0,3980.0
812,1,380.0,340.0,3999.0
813,1,500.0,450.0,4054.0
814,1,560.0,300.0,4100.0
815,1,560.0,460.0,4180.0
816,1,350.0,350.0,4280.0
817,1,300.0,200.0,4416.0
818,1,550.0,500.0,4441.0
819,1,530.0,450.0,4480.0
820,1,340.0,320.0,4565.0
821,1,110.0,45.0,4730.0
822,1,570.0,470.0,4730.0
823,1,400.0,380.0,4780.0
824,1,340.0,200.0,4796.0
825,1,400.0,390.0,4967.0
826,1,380.0,340.0,4998.0
827,1,410.0,400.0,5094.0
828,1,410.0,400.0,5094.0
829,1,530.0,460.0,5250.0
830,1,1850.0,950.0,5377.0
831,1,400.0,320.0,5574.0
832,1,560.0,510.0,5590.0
833,1,560.0,520.0,5740.0
834,1,550.0,520.0,5775.0
835,1,520.0,500.0,5779.0
836,1,530.0,470.0,5780.0
837,1,500.0,280.0,5820.0
838,1,400.0,400.0,5900.0
839,1,400.0,400.0,5934.0
840,1,550.0,170.0,5980.0
841,1,2400.0,950.0,5980.0
842,1,560.0,370.0,5990.0
843,1,520.0,450.0,6115.0
844,1,550.0,410.0,6138.0
845,1,540.0,520.0,6217.0
846,1,560.0,450.0,6250.0
847,1,550.0,520.0,6355.0
848,1,555.0,500.0,6379.0
849,1,560.0,510.0,6402.0
850,1,560.0,310.0,6416.0
851,1,520.0,450.0,6460.0
852,1,555.0,540.0,6480.0
853,1,500.0,450.0,6498.0
854,1,490.0,460.0,6854.0
855,1,550.0,500.0,7106.0
856,1,470.0,450.0,7150.0
857,1,1580.0,920.0,7200.0
858,1,560.0,450.0,7280.0
859,1,350.0,300.0,7374.0
860,1,560.0,160.0,7447.0
861,1,1500.0,1300.0,7480.0
862,1,2400.0,1750.0,7480.0
863,1,570.0,490.0,7618.0
864,1,430.0,400.0,7678.0
865,1,530.0,450.0,7678.0
866,1,540.0,190.0,7700.0
867,1,550.0,500.0,7720.0
868,1,415.0,340.0,7770.0
869,1,400.0,400.0,7980.0
870,1,3000.0,1000.0,7980.0
871,1,570.0,470.0,8088.0
872,1,522.0,487.0,8143.0
873,1,550.0,510.0,8143.0
874,1,500.0,280.0,8200.0
875,1,2000.0,1100.0,8250.0
876,1,1700.0,1450.0,8273.0
877,1,520.0,500.0,8310.0
878,1,520.0,460.0,8380.0
879,1,500.0,450.0,8456.0
880,1,530.0,460.0,8480.0
881,1,530.0,460.0,8750.0
882,1,520.0,500.0,8780.0
883,1,421.6,370.0,8880.0
884,1,2000.0,1100.0,8980.0
885,1,400.0,300.0,8980.0
886,1,750.0,700.0,8980.0
887,1,538.0,491.0,9020.0
888,1,770.0,450.0,9069.0
889,1,560.0,510.0,9116.0
890,1,550.0,490.0,9116.0
891,1,1000.0,800.0,9235.0
892,1,550.0,530.0,9246.0
893,1,560.0,520.0,9328.0
894,1,550.0,490.0,9350.0
895,1,560.0,520.0,9360.0
896,1,550.0,520.0,9391.0
897,1,1900.0,950.0,9460.0
898,1,1050.0,950.0,9480.0
899,1,540.0,490.0,9548.0
900,1,560.0,510.0,9570.0
901,1,3200.0,1100.0,9655.0
902,1,3090.0,1040.0,9775.0
903,1,400.0,320.0,9844.0
904,1,530.0,420.0,9878.0
905,1,1500.0,900.0,9900.0
906,1,415.0,340.0,9929.0
907,1,555.0,500.0,9949.0
908,1,550.0,520.0,10104.0
909,1,2000.0,1200.0,10160.0
910,1,560.0,520.0,10160.0
911,1,530.0,500.0,10255.0
912,1,520.0,200.0,10280.0
913,1,560.0,520.0,10280.0
914,1,550.0,400.0,10287.0
915,1,550.0,500.0,10439.0
916,1,500.0,480.0,10450.0
917,1,560.0,310.0,10528.0
918,1,550.0,500.0,10731.0
919,1,400.0,400.0,10780.0
920,1,560.0,510.0,10900.0
921,1,555.0,540.0,10980.0
922,1,400.0,400.0,10980.0
923,1,2500.0,1100.0,11000.0
924,1,560.0,480.0,11070.0
925,1,550.0,340.0,11180.0
926,1,530.0,450.0,11286.0
927,1,570.0,470.0,11384.0
928,1,557.0,507.0,11588.0
929,1,560.0,520.0,11675.0
930,1,550.0,520.0,11705.0
931,1,450.0,450.0,11880.0
932,1,520.0,450.0,11980.0
933,1,430.0,410.0,11990.0
934,1,560.0,500.0,12480.0
935,1,1600.0,700.0,12585.0
936,1,450.0,450.0,12660.0
937,1,400.0,400.0,12780.0
938,1,950.0,550.0,12800.0
939,1,340.0,320.0,12800.0
940,1,520.0,450.0,12830.0
941,1,550.0,500.0,12900.0
942,1,550.0,500.0,12948.0
943,1,950.0,900.0,12980.0
944,1,450.0,245.0,12980.0
945,1,750.0,700.0,12980.0
946,1,540.0,500.0,12980.0
947,1,430.0,400.0,13170.0
948,1,560.0,480.0,13398.0
949,1,2400.0,1950.0,13480.0
950,1,550.0,500.0,13593.0
951,1,3500.0,2350.0,13600.0
952,1,1000.0,900.0,13624.0
953,1,380.0,340.0,13824.0
954,1,530.0,460.0,13950.0
955,1,530.0,460.0,13978.0
956,1,560.0,520.0,13980.0
957,1,3200.0,2000.0,14239.0
958,1,500.0,450.0,14239.0
959,1,560.0,500.0,14480.0
960,1,400.0,400.0,14583.0
961,1,1850.0,570.0,14778.0
962,1,570.0,460.0,14980.0
963,1,560.0,520.0,15080.0
964,1,400.0,320.0,15480.0
965,1,1400.0,750.0,15710.0
966,1,500.0,450.0,15800.0
967,1,570.0,470.0,15980.0
968,1,2200.0,2000.0,16280.0
969,1,430.0,430.0,16296.0
970,1,2650.0,1450.0,17073.0
971,1,500.0,280.0,17130.0
972,1,520.0,400.0,17280.0
973,1,410.0,400.0,17287.0
974,1,3200.0,1700.0,17295.0
975,1,560.0,500.0,17300.0
976,1,550.0,520.0,17315.0
977,1,550.0,520.0,17315.0
978,1,2450.0,1000.0,17337.0
979,1,550.0,520.0,17347.0
980,1,430.0,430.0,17710.0
981,1,550.0,520.0,17880.0
982,1,550.0,500.0,17980.0
983,1,2100.0,1500.0,18077.0
984,1,560.0,510.0,18231.0
985,1,425.0,425.0,18480.0
986,1,360.0,360.0,18864.0
987,1,500.0,500.0,19000.0
988,1,540.0,540.0,19500.0
989,1,850.0,850.0,19530.0
990,1,560.0,500.0,19802.0
991,1,550.0,460.0,19940.0
992,1,535.0,455.0,20405.0
993,1,540.0,520.0,20438.0
994,1,560.0,560.0,21180.0
995,1,410.0,400.0,21219.0
996,1,1600.0,1300.0,21366.0
997,1,80.0,60.0,21430.0
998,1,430.0,420.0,21640.0
999,1,400.0,400.0,21800.0
1000,1,430.0,400.0,21970.0
1001,1,270.0,250.0,22400.0
1002,1,770.0,580.0,22467.0
1003,1,430.0,400.0,22480.0
1004,1,1000.0,950.0,22663.0
1005,1,550.0,500.0,22788.0
1006,1,3400.0,2600.0,22964.0
1007,1,410.0,380.0,23300.0
1008,1,500.0,500.0,23426.0
1009,1,500.0,450.0,23800.0
1010,1,340.0,320.0,23800.0
1011,1,750.0,700.0,23800.0
1012,1,1775.0,560.0,23941.0
1013,1,450.0,450.0,23980.0
1014,1,1500.0,1000.0,24182.0
1015,1,3500.0,2200.0,24217.0
1016,1,560.0,480.0,24482.0
1017,1,550.0,480.0,24598.0
1018,1,80.0,60.0,24689.0
1019,1,500.0,450.0,24800.0
1020,1,570.0,460.0,24980.0
1021,1,570.0,460.0,24980.0
1022,1,560.0,500.0,25223.0
1023,1,3200.0,2100.0,25442.0
1024,1,560.0,310.0,25442.0
1025,1,380.0,340.0,26784.0
1026,1,430.0,400.0,27280.0
1027,1,410.0,380.0,27986.0
1028,1,1000.0,950.0,28331.0
1029,1,400.0,400.0,28780.0
1030,1,850.0,850.0,29390.0
1031,1,500.0,260.0,29480.0
1032,1,560.0,510.0,30300.0
1033,1,2200.0,900.0,30580.0
1034,1,550.0,520.0,31727.0
1035,1,535.0,450.0,31900.0
1036,1,763.0,616.0,32037.0
1037,1,1600.0,1400.0,32800.0
1038,1,550.0,450.0,33690.0
1039,1,2450.0,1000.0,34497.0
1040,1,560.0,525.0,34723.0
1041,1,560.0,460.0,34920.0
1042,1,3150.0,1700.0,35627.0
1043,1,520.0,500.0,35780.0
1044,1,400.0,400.0,36097.0
1045,1,520.0,500.0,36920.0
1046,1,550.0,500.0,37950.0
1047,1,545.0,490.0,37980.0
1048,1,2800.0,2100.0,38072.0
1049,1,540.0,520.0,38500.0
1050,1,450.0,450.0,39578.0
1051,1,560.0,560.0,39654.0
1052,1,560.0,530.0,39949.0
1053,1,119.0,93.0,40770.0
1054,1,3470.0,2750.0,42680.0
1055,1,450.0,450.0,43780.0
1056,1,560.0,510.0,44148.0
1057,1,570.0,460.0,45980.0
1058,1,570.0,460.0,45980.0
1059,1,560.0,510.0,46922.0
1060,1,450.0,450.0,47304.0
1061,1,530.0,510.0,47822.0
1062,1,550.0,510.0,50578.0
1063,1,425.0,425.0,54793.0
1064,1,540.0,520.0,55440.0
1065,1,2500.0,2000.0,55971.0
1066,1,2500.0,2000.0,55971.0
1067,1,560.0,460.0,57684.0
1068,1,2500.0,2000.0,59724.0
1069,1,279.44,251.03,59800.0
1070,1,560.0,530.0,61091.0
1071,1,410.0,400.0,61754.0
1072,1,500.0,490.0,66527.0
1073,1,520.0,500.0,67780.0
1074,1,550.0,500.0,70070.0
1075,1,570.0,470.0,71961.0
1076,1,560.0,560.0,72360.0
1077,1,530.0,510.0,78408.0
1078,1,2500.0,2000.0,91922.0
1079,1,763.0,616.0,94380.0
1080,1,3500.0,3000.0,96149.0
1081,1,425.0,425.0,96309.0
1082,1,264.77,240.7,107800.0
1083,1,450.0,450.0,122346.0
1084,1,500.0,490.0,129694.0
1085,1,80.0,50.0,156744.0
1086,1,410.0,380.0,180902.0
1087,1,2500.0,1200.0,209530.0
1088,1,2400.0,2000.0,235427.0
1089,1,2600.0,2200.0,274800.0
1090,1,500.0,470.0,275517.0
1091,1,270.0,200.0,293500.0
1092,1,150.0,35.0,472958.0
